"STATION","NAME","DATE","PRCP"
"USW00024233","SEATTLE TACOMA AIRPORT, WA US","2015-01-01","0.00"
"USW00024233","SEATTLE TACOMA AIRPORT, WA US","2015-01-02","0.06"
"USW00024233","SEATTLE TACOMA AIRPORT, WA US","2015-01-03","0.00"
"USW00024233","SEATTLE TACOMA AIRPORT, WA US","2015-01-04","0.40"
"USW00024233","SEATTLE TACOMA AIRPORT, WA US","2015-01-05","0.32"
"USW00024233","SEATTLE TACOMA AIRPORT, WA US","2015-01-06","0.00"
"USW00024233","SEATTLE TACOMA AIRPORT, WA US","2015-01-07","0.00"
"USW00024233","SEATTLE TACOMA AIRPORT, WA US","2015-01-08","0.00"
"USW00024233","SEATTLE TACOMA AIRPORT, WA US","2015-01-09","0.01"
"USW00024233","SEATTLE TACOMA AIRPORT, WA US","2015-01-10","0.23"
"USW00024233","SEATTLE TACOMA AIRPORT, WA US","2015-01-11","0.06"
"USW00024233","SEATTLE TACOMA AIRPORT, WA US","2015-01-12","0.00"
"USW00024233","SEATTLE TACOMA AIRPORT, WA US","2015-01-13","0.00"
"USW00024233","SEATTLE TACOMA AIRPORT, WA US","2015-01-14","0.00"
"USW00024233","SEATTLE TACOMA AIRPORT, WA US","2015-01-15","0.38"
"USW00024233","SEATTLE TACOMA AIRPORT, WA US","2015-01-16","0.00"
"USW00024233","SEATTLE TACOMA AIRPORT, WA US","2015-01-17","1.03"
"USW00024233","SEATTLE TACOMA AIRPORT, WA US","2015-01-18","0.84"
"USW00024233","SEATTLE TACOMA AIRPORT, WA US","2015-01-19","0.02"
"USW00024233","SEATTLE TACOMA AIRPORT, WA US","2015-01-20","0.00"
"USW00024233","SEATTLE TACOMA AIRPORT, WA US","2015-01-21","0.00"
"USW00024233","SEATTLE TACOMA AIRPORT, WA US","2015-01-22","0.03"
"USW00024233","SEATTLE TACOMA AIRPORT, WA US","2015-01-23","0.23"
"USW00024233","SEATTLE TACOMA AIRPORT, WA US","2015-01-24","0.02"
"USW00024233","SEATTLE TACOMA AIRPORT, WA US","2015-01-25","0.00"
"USW00024233","SEATTLE TACOMA AIRPORT, WA US","2015-01-26","0.00"
"USW00024233","SEATTLE TACOMA AIRPORT, WA US","2015-01-27","0.03"
"USW00024233","SEATTLE TACOMA AIRPORT, WA US","2015-01-28","0.00"
"USW00024233","SEATTLE TACOMA AIRPORT, WA US","2015-01-29","0.00"
"USW00024233","SEATTLE TACOMA AIRPORT, WA US","2015-01-30","0.00"
"USW00024233","SEATTLE TACOMA AIRPORT, WA US","2015-01-31","0.00"
"USW00024233","SEATTLE TACOMA AIRPORT, WA US","2015-02-01","0.06"
"USW00024233","SEATTLE TACOMA AIRPORT, WA US","2015-02-02","0.29"
"USW00024233","SEATTLE TACOMA AIRPORT, WA US","2015-02-03","0.05"
"USW00024233","SEATTLE TACOMA AIRPORT, WA US","2015-02-04","0.33"
"USW00024233","SEATTLE TACOMA AIRPORT, WA US","2015-02-05","1.03"
"USW00024233","SEATTLE TACOMA AIRPORT, WA US","2015-02-06","0.68"
"USW00024233","SEATTLE TACOMA AIRPORT, WA US","2015-02-07","0.93"
"USW00024233","SEATTLE TACOMA AIRPORT, WA US","2015-02-08","0.14"
"USW00024233","SEATTLE TACOMA AIRPORT, WA US","2015-02-09","0.24"
"USW00024233","SEATTLE TACOMA AIRPORT, WA US","2015-02-10","0.01"
"USW00024233","SEATTLE TACOMA AIRPORT, WA US","2015-02-11","0.00"
"USW00024233","SEATTLE TACOMA AIRPORT, WA US","2015-02-12","0.04"
"USW00024233","SEATTLE TACOMA AIRPORT, WA US","2015-02-13","0.00"
"USW00024233","SEATTLE TACOMA AIRPORT, WA US","2015-02-14","0.01"
"USW00024233","SEATTLE TACOMA AIRPORT, WA US","2015-02-15","0.00"
"USW00024233","SEATTLE TACOMA AIRPORT, WA US","2015-02-16","0.00"
"USW00024233","SEATTLE TACOMA AIRPORT, WA US","2015-02-17","0.00"
"USW00024233","SEATTLE TACOMA AIRPORT, WA US","2015-02-18","0.00"
"USW00024233","SEATTLE TACOMA AIRPORT, WA US","2015-02-19","0.18"
"USW00024233","SEATTLE TACOMA AIRPORT, WA US","2015-02-20","0.03"
"USW00024233","SEATTLE TACOMA AIRPORT, WA US","2015-02-21","0.00"
"USW00024233","SEATTLE TACOMA AIRPORT, WA US","2015-02-22","0.00"
"USW00024233","SEATTLE TACOMA AIRPORT, WA US","2015-02-23","0.00"
"USW00024233","SEATTLE TACOMA AIRPORT, WA US","2015-02-24","0.00"
"USW00024233","SEATTLE TACOMA AIRPORT, WA US","2015-02-25","0.16"
"USW00024233","SEATTLE TACOMA AIRPORT, WA US","2015-02-26","0.37"
"USW00024233","SEATTLE TACOMA AIRPORT, WA US","2015-02-27","0.72"
"USW00024233","SEATTLE TACOMA AIRPORT, WA US","2015-02-28","0.00"
"USW00024233","SEATTLE TACOMA AIRPORT, WA US","2015-03-01","0.00"
"USW00024233","SEATTLE TACOMA AIRPORT, WA US","2015-03-02","0.00"
"USW00024233","SEATTLE TACOMA AIRPORT, WA US","2015-03-03","0.00"
"USW00024233","SEATTLE TACOMA AIRPORT, WA US","2015-03-04","0.00"
"USW00024233","SEATTLE TACOMA AIRPORT, WA US","2015-03-05","0.00"
"USW00024233","SEATTLE TACOMA AIRPORT, WA US","2015-03-06","0.00"
"USW00024233","SEATTLE TACOMA AIRPORT, WA US","2015-03-07","0.00"
"USW00024233","SEATTLE TACOMA AIRPORT, WA US","2015-03-08","0.00"
"USW00024233","SEATTLE TACOMA AIRPORT, WA US","2015-03-09","0.00"
"USW00024233","SEATTLE TACOMA AIRPORT, WA US","2015-03-10","0.03"
"USW00024233","SEATTLE TACOMA AIRPORT, WA US","2015-03-11","0.10"
"USW00024233","SEATTLE TACOMA AIRPORT, WA US","2015-03-12","0.00"
"USW00024233","SEATTLE TACOMA AIRPORT, WA US","2015-03-13","0.08"
"USW00024233","SEATTLE TACOMA AIRPORT, WA US","2015-03-14","0.67"
"USW00024233","SEATTLE TACOMA AIRPORT, WA US","2015-03-15","2.20"
"USW00024233","SEATTLE TACOMA AIRPORT, WA US","2015-03-16","0.04"
"USW00024233","SEATTLE TACOMA AIRPORT, WA US","2015-03-17","0.03"
"USW00024233","SEATTLE TACOMA AIRPORT, WA US","2015-03-18","0.00"
"USW00024233","SEATTLE TACOMA AIRPORT, WA US","2015-03-19","0.00"
"USW00024233","SEATTLE TACOMA AIRPORT, WA US","2015-03-20","0.16"
"USW00024233","SEATTLE TACOMA AIRPORT, WA US","2015-03-21","0.15"
"USW00024233","SEATTLE TACOMA AIRPORT, WA US","2015-03-22","0.04"
"USW00024233","SEATTLE TACOMA AIRPORT, WA US","2015-03-23","0.32"
"USW00024233","SEATTLE TACOMA AIRPORT, WA US","2015-03-24","0.30"
"USW00024233","SEATTLE TACOMA AIRPORT, WA US","2015-03-25","0.20"
"USW00024233","SEATTLE TACOMA AIRPORT, WA US","2015-03-26","0.00"
"USW00024233","SEATTLE TACOMA AIRPORT, WA US","2015-03-27","0.04"
"USW00024233","SEATTLE TACOMA AIRPORT, WA US","2015-03-28","0.00"
"USW00024233","SEATTLE TACOMA AIRPORT, WA US","2015-03-29","0.00"
"USW00024233","SEATTLE TACOMA AIRPORT, WA US","2015-03-30","0.07"
"USW00024233","SEATTLE TACOMA AIRPORT, WA US","2015-03-31","0.04"
"USW00024233","SEATTLE TACOMA AIRPORT, WA US","2015-04-01","0.20"
"USW00024233","SEATTLE TACOMA AIRPORT, WA US","2015-04-02","0.00"
"USW00024233","SEATTLE TACOMA AIRPORT, WA US","2015-04-03","0.06"
"USW00024233","SEATTLE TACOMA AIRPORT, WA US","2015-04-04","0.00"
"USW00024233","SEATTLE TACOMA AIRPORT, WA US","2015-04-05","0.00"
"USW00024233","SEATTLE TACOMA AIRPORT, WA US","2015-04-06","0.04"
"USW00024233","SEATTLE TACOMA AIRPORT, WA US","2015-04-07","0.02"
"USW00024233","SEATTLE TACOMA AIRPORT, WA US","2015-04-08","0.00"
"USW00024233","SEATTLE TACOMA AIRPORT, WA US","2015-04-09","0.00"
"USW00024233","SEATTLE TACOMA AIRPORT, WA US","2015-04-10","0.43"
"USW00024233","SEATTLE TACOMA AIRPORT, WA US","2015-04-11","0.00"
"USW00024233","SEATTLE TACOMA AIRPORT, WA US","2015-04-12","0.00"
"USW00024233","SEATTLE TACOMA AIRPORT, WA US","2015-04-13","0.55"
"USW00024233","SEATTLE TACOMA AIRPORT, WA US","2015-04-14","0.13"
"USW00024233","SEATTLE TACOMA AIRPORT, WA US","2015-04-15","0.00"
"USW00024233","SEATTLE TACOMA AIRPORT, WA US","2015-04-16","0.00"
"USW00024233","SEATTLE TACOMA AIRPORT, WA US","2015-04-17","0.00"
"USW00024233","SEATTLE TACOMA AIRPORT, WA US","2015-04-18","0.00"
"USW00024233","SEATTLE TACOMA AIRPORT, WA US","2015-04-19","0.00"
"USW00024233","SEATTLE TACOMA AIRPORT, WA US","2015-04-20","0.00"
"USW00024233","SEATTLE TACOMA AIRPORT, WA US","2015-04-21","0.22"
"USW00024233","SEATTLE TACOMA AIRPORT, WA US","2015-04-22","0.00"
"USW00024233","SEATTLE TACOMA AIRPORT, WA US","2015-04-23","0.12"
"USW00024233","SEATTLE TACOMA AIRPORT, WA US","2015-04-24","0.13"
"USW00024233","SEATTLE TACOMA AIRPORT, WA US","2015-04-25","0.05"
"USW00024233","SEATTLE TACOMA AIRPORT, WA US","2015-04-26","0.00"
"USW00024233","SEATTLE TACOMA AIRPORT, WA US","2015-04-27","0.01"
"USW00024233","SEATTLE TACOMA AIRPORT, WA US","2015-04-28","0.07"
"USW00024233","SEATTLE TACOMA AIRPORT, WA US","2015-04-29","0.00"
"USW00024233","SEATTLE TACOMA AIRPORT, WA US","2015-04-30","0.00"
"USW00024233","SEATTLE TACOMA AIRPORT, WA US","2015-05-01","0.00"
"USW00024233","SEATTLE TACOMA AIRPORT, WA US","2015-05-02","0.00"
"USW00024233","SEATTLE TACOMA AIRPORT, WA US","2015-05-03","0.00"
"USW00024233","SEATTLE TACOMA AIRPORT, WA US","2015-05-04","0.00"
"USW00024233","SEATTLE TACOMA AIRPORT, WA US","2015-05-05","0.24"
"USW00024233","SEATTLE TACOMA AIRPORT, WA US","2015-05-06","0.00"
"USW00024233","SEATTLE TACOMA AIRPORT, WA US","2015-05-07","0.00"
"USW00024233","SEATTLE TACOMA AIRPORT, WA US","2015-05-08","0.00"
"USW00024233","SEATTLE TACOMA AIRPORT, WA US","2015-05-09","0.00"
"USW00024233","SEATTLE TACOMA AIRPORT, WA US","2015-05-10","0.00"
"USW00024233","SEATTLE TACOMA AIRPORT, WA US","2015-05-11","0.00"
"USW00024233","SEATTLE TACOMA AIRPORT, WA US","2015-05-12","0.17"
"USW00024233","SEATTLE TACOMA AIRPORT, WA US","2015-05-13","0.16"
"USW00024233","SEATTLE TACOMA AIRPORT, WA US","2015-05-14","0.01"
"USW00024233","SEATTLE TACOMA AIRPORT, WA US","2015-05-15","0.00"
"USW00024233","SEATTLE TACOMA AIRPORT, WA US","2015-05-16","0.00"
"USW00024233","SEATTLE TACOMA AIRPORT, WA US","2015-05-17","0.00"
"USW00024233","SEATTLE TACOMA AIRPORT, WA US","2015-05-18","0.00"
"USW00024233","SEATTLE TACOMA AIRPORT, WA US","2015-05-19","0.00"
"USW00024233","SEATTLE TACOMA AIRPORT, WA US","2015-05-20","0.00"
"USW00024233","SEATTLE TACOMA AIRPORT, WA US","2015-05-21","0.00"
"USW00024233","SEATTLE TACOMA AIRPORT, WA US","2015-05-22","0.00"
"USW00024233","SEATTLE TACOMA AIRPORT, WA US","2015-05-23","0.00"
"USW00024233","SEATTLE TACOMA AIRPORT, WA US","2015-05-24","0.00"
"USW00024233","SEATTLE TACOMA AIRPORT, WA US","2015-05-25","0.00"
"USW00024233","SEATTLE TACOMA AIRPORT, WA US","2015-05-26","0.00"
"USW00024233","SEATTLE TACOMA AIRPORT, WA US","2015-05-27","0.00"
"USW00024233","SEATTLE TACOMA AIRPORT, WA US","2015-05-28","0.00"
"USW00024233","SEATTLE TACOMA AIRPORT, WA US","2015-05-29","0.00"
"USW00024233","SEATTLE TACOMA AIRPORT, WA US","2015-05-30","0.00"
"USW00024233","SEATTLE TACOMA AIRPORT, WA US","2015-05-31","0.00"
"USW00024233","SEATTLE TACOMA AIRPORT, WA US","2015-06-01","0.18"
"USW00024233","SEATTLE TACOMA AIRPORT, WA US","2015-06-02","0.02"
"USW00024233","SEATTLE TACOMA AIRPORT, WA US","2015-06-03","0.00"
"USW00024233","SEATTLE TACOMA AIRPORT, WA US","2015-06-04","0.00"
"USW00024233","SEATTLE TACOMA AIRPORT, WA US","2015-06-05","0.00"
"USW00024233","SEATTLE TACOMA AIRPORT, WA US","2015-06-06","0.00"
"USW00024233","SEATTLE TACOMA AIRPORT, WA US","2015-06-07","0.00"
"USW00024233","SEATTLE TACOMA AIRPORT, WA US","2015-06-08","0.00"
"USW00024233","SEATTLE TACOMA AIRPORT, WA US","2015-06-09","0.00"
"USW00024233","SEATTLE TACOMA AIRPORT, WA US","2015-06-10","0.00"
"USW00024233","SEATTLE TACOMA AIRPORT, WA US","2015-06-11","0.00"
"USW00024233","SEATTLE TACOMA AIRPORT, WA US","2015-06-12","0.00"
"USW00024233","SEATTLE TACOMA AIRPORT, WA US","2015-06-13","0.00"
"USW00024233","SEATTLE TACOMA AIRPORT, WA US","2015-06-14","0.00"
"USW00024233","SEATTLE TACOMA AIRPORT, WA US","2015-06-15","0.00"
"USW00024233","SEATTLE TACOMA AIRPORT, WA US","2015-06-16","0.00"
"USW00024233","SEATTLE TACOMA AIRPORT, WA US","2015-06-17","0.00"
"USW00024233","SEATTLE TACOMA AIRPORT, WA US","2015-06-18","0.00"
"USW00024233","SEATTLE TACOMA AIRPORT, WA US","2015-06-19","0.02"
"USW00024233","SEATTLE TACOMA AIRPORT, WA US","2015-06-20","0.00"
"USW00024233","SEATTLE TACOMA AIRPORT, WA US","2015-06-21","0.00"
"USW00024233","SEATTLE TACOMA AIRPORT, WA US","2015-06-22","0.00"
"USW00024233","SEATTLE TACOMA AIRPORT, WA US","2015-06-23","0.00"
"USW00024233","SEATTLE TACOMA AIRPORT, WA US","2015-06-24","0.00"
"USW00024233","SEATTLE TACOMA AIRPORT, WA US","2015-06-25","0.00"
"USW00024233","SEATTLE TACOMA AIRPORT, WA US","2015-06-26","0.00"
"USW00024233","SEATTLE TACOMA AIRPORT, WA US","2015-06-27","0.00"
"USW00024233","SEATTLE TACOMA AIRPORT, WA US","2015-06-28","0.01"
"USW00024233","SEATTLE TACOMA AIRPORT, WA US","2015-06-29","0.00"
"USW00024233","SEATTLE TACOMA AIRPORT, WA US","2015-06-30","0.00"
"USW00024233","SEATTLE TACOMA AIRPORT, WA US","2015-07-01","0.00"
"USW00024233","SEATTLE TACOMA AIRPORT, WA US","2015-07-02","0.00"
"USW00024233","SEATTLE TACOMA AIRPORT, WA US","2015-07-03","0.00"
"USW00024233","SEATTLE TACOMA AIRPORT, WA US","2015-07-04","0.00"
"USW00024233","SEATTLE TACOMA AIRPORT, WA US","2015-07-05","0.00"
"USW00024233","SEATTLE TACOMA AIRPORT, WA US","2015-07-06","0.00"
"USW00024233","SEATTLE TACOMA AIRPORT, WA US","2015-07-07","0.00"
"USW00024233","SEATTLE TACOMA AIRPORT, WA US","2015-07-08","0.00"
"USW00024233","SEATTLE TACOMA AIRPORT, WA US","2015-07-09","0.00"
"USW00024233","SEATTLE TACOMA AIRPORT, WA US","2015-07-10","0.00"
"USW00024233","SEATTLE TACOMA AIRPORT, WA US","2015-07-11","0.00"
"USW00024233","SEATTLE TACOMA AIRPORT, WA US","2015-07-12","0.00"
"USW00024233","SEATTLE TACOMA AIRPORT, WA US","2015-07-13","0.00"
"USW00024233","SEATTLE TACOMA AIRPORT, WA US","2015-07-14","0.00"
"USW00024233","SEATTLE TACOMA AIRPORT, WA US","2015-07-15","0.00"
"USW00024233","SEATTLE TACOMA AIRPORT, WA US","2015-07-16","0.00"
"USW00024233","SEATTLE TACOMA AIRPORT, WA US","2015-07-17","0.00"
"USW00024233","SEATTLE TACOMA AIRPORT, WA US","2015-07-18","0.00"
"USW00024233","SEATTLE TACOMA AIRPORT, WA US","2015-07-19","0.00"
"USW00024233","SEATTLE TACOMA AIRPORT, WA US","2015-07-20","0.00"
"USW00024233","SEATTLE TACOMA AIRPORT, WA US","2015-07-21","0.00"
"USW00024233","SEATTLE TACOMA AIRPORT, WA US","2015-07-22","0.00"
"USW00024233","SEATTLE TACOMA AIRPORT, WA US","2015-07-23","0.00"
"USW00024233","SEATTLE TACOMA AIRPORT, WA US","2015-07-24","0.01"
"USW00024233","SEATTLE TACOMA AIRPORT, WA US","2015-07-25","0.00"
"USW00024233","SEATTLE TACOMA AIRPORT, WA US","2015-07-26","0.08"
"USW00024233","SEATTLE TACOMA AIRPORT, WA US","2015-07-27","0.00"
"USW00024233","SEATTLE TACOMA AIRPORT, WA US","2015-07-28","0.00"
"USW00024233","SEATTLE TACOMA AIRPORT, WA US","2015-07-29","0.00"
"USW00024233","SEATTLE TACOMA AIRPORT, WA US","2015-07-30","0.00"
"USW00024233","SEATTLE TACOMA AIRPORT, WA US","2015-07-31","0.00"
"USW00024233","SEATTLE TACOMA AIRPORT, WA US","2015-08-01","0.00"
"USW00024233","SEATTLE TACOMA AIRPORT, WA US","2015-08-02","0.00"
"USW00024233","SEATTLE TACOMA AIRPORT, WA US","2015-08-03","0.00"
"USW00024233","SEATTLE TACOMA AIRPORT, WA US","2015-08-04","0.00"
"USW00024233","SEATTLE TACOMA AIRPORT, WA US","2015-08-05","0.00"
"USW00024233","SEATTLE TACOMA AIRPORT, WA US","2015-08-06","0.00"
"USW00024233","SEATTLE TACOMA AIRPORT, WA US","2015-08-07","0.00"
"USW00024233","SEATTLE TACOMA AIRPORT, WA US","2015-08-08","0.00"
"USW00024233","SEATTLE TACOMA AIRPORT, WA US","2015-08-09","0.00"
"USW00024233","SEATTLE TACOMA AIRPORT, WA US","2015-08-10","0.00"
"USW00024233","SEATTLE TACOMA AIRPORT, WA US","2015-08-11","0.00"
"USW00024233","SEATTLE TACOMA AIRPORT, WA US","2015-08-12","0.30"
"USW00024233","SEATTLE TACOMA AIRPORT, WA US","2015-08-13","0.00"
"USW00024233","SEATTLE TACOMA AIRPORT, WA US","2015-08-14","1.20"
"USW00024233","SEATTLE TACOMA AIRPORT, WA US","2015-08-15","0.00"
"USW00024233","SEATTLE TACOMA AIRPORT, WA US","2015-08-16","0.00"
"USW00024233","SEATTLE TACOMA AIRPORT, WA US","2015-08-17","0.00"
"USW00024233","SEATTLE TACOMA AIRPORT, WA US","2015-08-18","0.00"
"USW00024233","SEATTLE TACOMA AIRPORT, WA US","2015-08-19","0.00"
"USW00024233","SEATTLE TACOMA AIRPORT, WA US","2015-08-20","0.08"
"USW00024233","SEATTLE TACOMA AIRPORT, WA US","2015-08-21","0.00"
"USW00024233","SEATTLE TACOMA AIRPORT, WA US","2015-08-22","0.00"
"USW00024233","SEATTLE TACOMA AIRPORT, WA US","2015-08-23","0.00"
"USW00024233","SEATTLE TACOMA AIRPORT, WA US","2015-08-24","0.00"
"USW00024233","SEATTLE TACOMA AIRPORT, WA US","2015-08-25","0.00"
"USW00024233","SEATTLE TACOMA AIRPORT, WA US","2015-08-26","0.00"
"USW00024233","SEATTLE TACOMA AIRPORT, WA US","2015-08-27","0.00"
"USW00024233","SEATTLE TACOMA AIRPORT, WA US","2015-08-28","0.02"
"USW00024233","SEATTLE TACOMA AIRPORT, WA US","2015-08-29","1.28"
"USW00024233","SEATTLE TACOMA AIRPORT, WA US","2015-08-30","0.40"
"USW00024233","SEATTLE TACOMA AIRPORT, WA US","2015-08-31","0.00"
"USW00024233","SEATTLE TACOMA AIRPORT, WA US","2015-09-01","0.23"
"USW00024233","SEATTLE TACOMA AIRPORT, WA US","2015-09-02","0.00"
"USW00024233","SEATTLE TACOMA AIRPORT, WA US","2015-09-03","0.00"
"USW00024233","SEATTLE TACOMA AIRPORT, WA US","2015-09-04","0.00"
"USW00024233","SEATTLE TACOMA AIRPORT, WA US","2015-09-05","0.01"
"USW00024233","SEATTLE TACOMA AIRPORT, WA US","2015-09-06","0.21"
"USW00024233","SEATTLE TACOMA AIRPORT, WA US","2015-09-07","0.01"
"USW00024233","SEATTLE TACOMA AIRPORT, WA US","2015-09-08","0.00"
"USW00024233","SEATTLE TACOMA AIRPORT, WA US","2015-09-09","0.00"
"USW00024233","SEATTLE TACOMA AIRPORT, WA US","2015-09-10","0.00"
"USW00024233","SEATTLE TACOMA AIRPORT, WA US","2015-09-11","0.00"
"USW00024233","SEATTLE TACOMA AIRPORT, WA US","2015-09-12","0.00"
"USW00024233","SEATTLE TACOMA AIRPORT, WA US","2015-09-13","0.02"
"USW00024233","SEATTLE TACOMA AIRPORT, WA US","2015-09-14","0.00"
"USW00024233","SEATTLE TACOMA AIRPORT, WA US","2015-09-15","0.00"
"USW00024233","SEATTLE TACOMA AIRPORT, WA US","2015-09-16","0.04"
"USW00024233","SEATTLE TACOMA AIRPORT, WA US","2015-09-17","0.07"
"USW00024233","SEATTLE TACOMA AIRPORT, WA US","2015-09-18","0.00"
"USW00024233","SEATTLE TACOMA AIRPORT, WA US","2015-09-19","0.00"
"USW00024233","SEATTLE TACOMA AIRPORT, WA US","2015-09-20","0.16"
"USW00024233","SEATTLE TACOMA AIRPORT, WA US","2015-09-21","0.00"
"USW00024233","SEATTLE TACOMA AIRPORT, WA US","2015-09-22","0.00"
"USW00024233","SEATTLE TACOMA AIRPORT, WA US","2015-09-23","0.00"
"USW00024233","SEATTLE TACOMA AIRPORT, WA US","2015-09-24","0.00"
"USW00024233","SEATTLE TACOMA AIRPORT, WA US","2015-09-25","0.08"
"USW00024233","SEATTLE TACOMA AIRPORT, WA US","2015-09-26","0.00"
"USW00024233","SEATTLE TACOMA AIRPORT, WA US","2015-09-27","0.00"
"USW00024233","SEATTLE TACOMA AIRPORT, WA US","2015-09-28","0.00"
"USW00024233","SEATTLE TACOMA AIRPORT, WA US","2015-09-29","0.00"
"USW00024233","SEATTLE TACOMA AIRPORT, WA US","2015-09-30","0.00"
"USW00024233","SEATTLE TACOMA AIRPORT, WA US","2015-10-01","0.00"
"USW00024233","SEATTLE TACOMA AIRPORT, WA US","2015-10-02","0.00"
"USW00024233","SEATTLE TACOMA AIRPORT, WA US","2015-10-03","0.00"
"USW00024233","SEATTLE TACOMA AIRPORT, WA US","2015-10-04","0.00"
"USW00024233","SEATTLE TACOMA AIRPORT, WA US","2015-10-05","0.00"
"USW00024233","SEATTLE TACOMA AIRPORT, WA US","2015-10-06","0.00"
"USW00024233","SEATTLE TACOMA AIRPORT, WA US","2015-10-07","0.39"
"USW00024233","SEATTLE TACOMA AIRPORT, WA US","2015-10-08","0.00"
"USW00024233","SEATTLE TACOMA AIRPORT, WA US","2015-10-09","0.01"
"USW00024233","SEATTLE TACOMA AIRPORT, WA US","2015-10-10","1.13"
"USW00024233","SEATTLE TACOMA AIRPORT, WA US","2015-10-11","0.00"
"USW00024233","SEATTLE TACOMA AIRPORT, WA US","2015-10-12","0.18"
"USW00024233","SEATTLE TACOMA AIRPORT, WA US","2015-10-13","0.05"
"USW00024233","SEATTLE TACOMA AIRPORT, WA US","2015-10-14","0.00"
"USW00024233","SEATTLE TACOMA AIRPORT, WA US","2015-10-15","0.00"
"USW00024233","SEATTLE TACOMA AIRPORT, WA US","2015-10-16","0.00"
"USW00024233","SEATTLE TACOMA AIRPORT, WA US","2015-10-17","0.01"
"USW00024233","SEATTLE TACOMA AIRPORT, WA US","2015-10-18","0.15"
"USW00024233","SEATTLE TACOMA AIRPORT, WA US","2015-10-19","0.01"
"USW00024233","SEATTLE TACOMA AIRPORT, WA US","2015-10-20","0.00"
"USW00024233","SEATTLE TACOMA AIRPORT, WA US","2015-10-21","0.00"
"USW00024233","SEATTLE TACOMA AIRPORT, WA US","2015-10-22","0.00"
"USW00024233","SEATTLE TACOMA AIRPORT, WA US","2015-10-23","0.00"
"USW00024233","SEATTLE TACOMA AIRPORT, WA US","2015-10-24","0.00"
"USW00024233","SEATTLE TACOMA AIRPORT, WA US","2015-10-25","0.35"
"USW00024233","SEATTLE TACOMA AIRPORT, WA US","2015-10-26","0.27"
"USW00024233","SEATTLE TACOMA AIRPORT, WA US","2015-10-27","0.00"
"USW00024233","SEATTLE TACOMA AIRPORT, WA US","2015-10-28","0.13"
"USW00024233","SEATTLE TACOMA AIRPORT, WA US","2015-10-29","0.07"
"USW00024233","SEATTLE TACOMA AIRPORT, WA US","2015-10-30","0.76"
"USW00024233","SEATTLE TACOMA AIRPORT, WA US","2015-10-31","1.30"
"USW00024233","SEATTLE TACOMA AIRPORT, WA US","2015-11-01","1.03"
"USW00024233","SEATTLE TACOMA AIRPORT, WA US","2015-11-02","0.01"
"USW00024233","SEATTLE TACOMA AIRPORT, WA US","2015-11-03","0.03"
"USW00024233","SEATTLE TACOMA AIRPORT, WA US","2015-11-04","0.00"
"USW00024233","SEATTLE TACOMA AIRPORT, WA US","2015-11-05","0.05"
"USW00024233","SEATTLE TACOMA AIRPORT, WA US","2015-11-06","0.00"
"USW00024233","SEATTLE TACOMA AIRPORT, WA US","2015-11-07","0.50"
"USW00024233","SEATTLE TACOMA AIRPORT, WA US","2015-11-08","0.26"
"USW00024233","SEATTLE TACOMA AIRPORT, WA US","2015-11-09","0.13"
"USW00024233","SEATTLE TACOMA AIRPORT, WA US","2015-11-10","0.05"
"USW00024233","SEATTLE TACOMA AIRPORT, WA US","2015-11-11","0.06"
"USW00024233","SEATTLE TACOMA AIRPORT, WA US","2015-11-12","0.39"
"USW00024233","SEATTLE TACOMA AIRPORT, WA US","2015-11-13","1.32"
"USW00024233","SEATTLE TACOMA AIRPORT, WA US","2015-11-14","1.86"
"USW00024233","SEATTLE TACOMA AIRPORT, WA US","2015-11-15","0.88"
"USW00024233","SEATTLE TACOMA AIRPORT, WA US","2015-11-16","0.08"
"USW00024233","SEATTLE TACOMA AIRPORT, WA US","2015-11-17","1.16"
"USW00024233","SEATTLE TACOMA AIRPORT, WA US","2015-11-18","0.06"
"USW00024233","SEATTLE TACOMA AIRPORT, WA US","2015-11-19","0.08"
"USW00024233","SEATTLE TACOMA AIRPORT, WA US","2015-11-20","0.00"
"USW00024233","SEATTLE TACOMA AIRPORT, WA US","2015-11-21","0.00"
"USW00024233","SEATTLE TACOMA AIRPORT, WA US","2015-11-22","0.00"
"USW00024233","SEATTLE TACOMA AIRPORT, WA US","2015-11-23","0.12"
"USW00024233","SEATTLE TACOMA AIRPORT, WA US","2015-11-24","0.28"
"USW00024233","SEATTLE TACOMA AIRPORT, WA US","2015-11-25","0.00"
"USW00024233","SEATTLE TACOMA AIRPORT, WA US","2015-11-26","0.00"
"USW00024233","SEATTLE TACOMA AIRPORT, WA US","2015-11-27","0.00"
"USW00024233","SEATTLE TACOMA AIRPORT, WA US","2015-11-28","0.00"
"USW00024233","SEATTLE TACOMA AIRPORT, WA US","2015-11-29","0.00"
"USW00024233","SEATTLE TACOMA AIRPORT, WA US","2015-11-30","0.02"
"USW00024233","SEATTLE TACOMA AIRPORT, WA US","2015-12-01","0.48"
"USW00024233","SEATTLE TACOMA AIRPORT, WA US","2015-12-02","0.10"
"USW00024233","SEATTLE TACOMA AIRPORT, WA US","2015-12-03","0.50"
"USW00024233","SEATTLE TACOMA AIRPORT, WA US","2015-12-04","0.08"
"USW00024233","SEATTLE TACOMA AIRPORT, WA US","2015-12-05","0.62"
"USW00024233","SEATTLE TACOMA AIRPORT, WA US","2015-12-06","0.44"
"USW00024233","SEATTLE TACOMA AIRPORT, WA US","2015-12-07","1.08"
"USW00024233","SEATTLE TACOMA AIRPORT, WA US","2015-12-08","2.13"
"USW00024233","SEATTLE TACOMA AIRPORT, WA US","2015-12-09","0.53"
"USW00024233","SEATTLE TACOMA AIRPORT, WA US","2015-12-10","0.37"
"USW00024233","SEATTLE TACOMA AIRPORT, WA US","2015-12-11","0.01"
"USW00024233","SEATTLE TACOMA AIRPORT, WA US","2015-12-12","0.63"
"USW00024233","SEATTLE TACOMA AIRPORT, WA US","2015-12-13","0.05"
"USW00024233","SEATTLE TACOMA AIRPORT, WA US","2015-12-14","0.00"
"USW00024233","SEATTLE TACOMA AIRPORT, WA US","2015-12-15","0.06"
"USW00024233","SEATTLE TACOMA AIRPORT, WA US","2015-12-16","0.14"
"USW00024233","SEATTLE TACOMA AIRPORT, WA US","2015-12-17","0.86"
"USW00024233","SEATTLE TACOMA AIRPORT, WA US","2015-12-18","0.73"
"USW00024233","SEATTLE TACOMA AIRPORT, WA US","2015-12-19","0.00"
"USW00024233","SEATTLE TACOMA AIRPORT, WA US","2015-12-20","0.17"
"USW00024233","SEATTLE TACOMA AIRPORT, WA US","2015-12-21","1.08"
"USW00024233","SEATTLE TACOMA AIRPORT, WA US","2015-12-22","0.18"
"USW00024233","SEATTLE TACOMA AIRPORT, WA US","2015-12-23","0.24"
"USW00024233","SEATTLE TACOMA AIRPORT, WA US","2015-12-24","0.10"
"USW00024233","SEATTLE TACOMA AIRPORT, WA US","2015-12-25","0.23"
"USW00024233","SEATTLE TACOMA AIRPORT, WA US","2015-12-26","0.00"
"USW00024233","SEATTLE TACOMA AIRPORT, WA US","2015-12-27","0.34"
"USW00024233","SEATTLE TACOMA AIRPORT, WA US","2015-12-28","0.06"
"USW00024233","SEATTLE TACOMA AIRPORT, WA US","2015-12-29","0.00"
"USW00024233","SEATTLE TACOMA AIRPORT, WA US","2015-12-30","0.00"
"USW00024233","SEATTLE TACOMA AIRPORT, WA US","2015-12-31","0.00"
